dirName,fileName,flag
ApplePayTransactions,CreateAnApplePayTransaction,0
CustomerProfiles,CreateCustomerPaymentProfile,0
CustomerProfiles,CreateCustomerProfile,1
CustomerProfiles,CreateCustomerProfileFromTransaction,0
CustomerProfiles,CreateCustomerShippingAddress,0
CustomerProfiles,DeleteCustomerPaymentProfile,0
CustomerProfiles,DeleteCustomerProfile,0
CustomerProfiles,DeleteCustomerShippingAddress,0
CustomerProfiles,GetCustomerPaymentProfile,0
CustomerProfiles,GetCustomerProfile,0
CustomerProfiles,GetCustomerProfileIds,0
CustomerProfiles,GetCustomerShippingAddress,0
CustomerProfiles,GetHostedProfilePage,0
CustomerProfiles,UpdateCustomerPaymentProfile,0
CustomerProfiles,UpdateCustomerProfile,0
CustomerProfiles,UpdateCustomerShippingAddress,0
PaymentTransactions,AuthorizeCreditCard,0
PaymentTransactions,CaptureOnly,0
PaymentTransactions,CapturePreviouslyAuthedAmount,0
PaymentTransactions,ChargeCreditCard,0
PaymentTransactions,ChargeCustomerProfile,0
PaymentTransactions,ChargeTokenizedCreditCard,0
PaymentTransactions,CreditBankAccount,0
PaymentTransactions,DebitBankAccount,0
PaymentTransactions,RefundTransaction,0
PaymentTransactions,VoidTransaction,0
PaypalExpressCheckout,AuthorizationAndCapture,0
PaypalExpressCheckout,AuthorizationAndCaptureContinue,0
PaypalExpressCheckout,AuthorizationOnly,0
PaypalExpressCheckout,AuthorizationOnlyContinued,0
PaypalExpressCheckout,Credit,0
PaypalExpressCheckout,GetDetails,0
PaypalExpressCheckout,PriorAuthorizationCapture,0
PaypalExpressCheckout,Void,0
RecurringBilling,CancelSubscription,0
RecurringBilling,CreateSubscription,0
RecurringBilling,GetListOfSubscriptions,0
RecurringBilling,GetSubscriptionStatus,0
RecurringBilling,UpdateSubscription,0
TransactionReporting,GetBatchStatistics,0
TransactionReporting,GetSettledBatchList,0
TransactionReporting,GetTransactionDetails,0
TransactionReporting,GetTransactionList,0
TransactionReporting,GetUnsettledTransactionList,0
VisaCheckout,CreateVisaCheckoutTransaction,0
VisaCheckout,DecryptVisaCheckoutData,0
